{
    "ammoPositions": [],
    "ammoTargetTags": [],
    "ammoDirections": [],
    "enemyPositions": [
        {
            "x": 8.533310890197754,
            "y": -8.335886001586914,
            "z": 0.0
        },
        {
            "x": -11.443565368652344,
            "y": -1.1714131832122803,
            "z": 0.0
        }
    ],
    "enemyHealth": [
        1,
        1
    ],
    "enemyPrefabIndices": [
        0,
        0
    ],
    "navalBaseGold": 111021,
    "navalBaseHealth": 160,
    "navalBaseMaxHealth": 160,
    "navalBaseLevel": 4,
    "navalBaseLevelUpGoldCost": 250,
    "gameTime": 152.1066436767578,
    "playerShips": [
        {
            "position": {
                "x": -0.0031447038054466249,
                "y": 0.6781637072563171,
                "z": 0.0
            },
            "health": 5.0
        }
    ]
}