{
    "ammoPositions": [],
    "enemyPositions": [
        {
            "x": 2.285590171813965,
            "y": 8.873509407043457,
            "z": 0.0
        }
    ],
    "navalBaseGold": 594
}