{
    "ammoPositions": [
        {
            "x": -1.1512298583984376,
            "y": -2.5381762981414797,
            "z": 0.0
        }
    ],
    "ammoTargetTags": [
        "Enemy"
    ],
    "ammoDirections": [
        {
            "x": -0.4130633473396301,
            "y": -0.9107022881507874,
            "z": 0.0
        }
    ],
    "enemyPositions": [
        {
            "x": -2.840334415435791,
            "y": -6.262233257293701,
            "z": 0.0
        },
        {
            "x": -4.648397922515869,
            "y": -8.739433288574219,
            "z": 0.0
        },
        {
            "x": 9.831796646118164,
            "y": -3.447658061981201,
            "z": 0.0
        }
    ],
    "enemyHealth": [
        1,
        3,
        3
    ],
    "navalBaseGold": 657,
    "navalBaseHealth": 100
}