{
    "ammoPositions": [],
    "enemyPositions": [
        {
            "x": 4.101889133453369,
            "y": 12.260209083557129,
            "z": 0.0
        }
    ],
    "enemyHealth": [
        3
    ],
    "navalBaseGold": 594,
    "navalBaseHealth": 100
}