{
    "ammoPositions": [
        {
            "x": -4.045567035675049,
            "y": 1.6782758235931397,
            "z": 0.0
        },
        {
            "x": -3.6384694576263429,
            "y": -2.4381887912750246,
            "z": 0.0
        }
    ],
    "ammoTargetTags": [
        "Enemy",
        "Enemy"
    ],
    "ammoDirections": [
        {
            "x": -0.9236737489700317,
            "y": 0.38317984342575076,
            "z": 0.0
        },
        {
            "x": -0.8307262063026428,
            "y": -0.5566812753677368,
            "z": 0.0
        }
    ],
    "enemyPositions": [
        {
            "x": -8.752593040466309,
            "y": 3.6309542655944826,
            "z": 0.0
        },
        {
            "x": -6.895905017852783,
            "y": -4.6210432052612309,
            "z": 0.0
        }
    ],
    "enemyHealth": [
        3,
        2
    ],
    "navalBaseGold": 624,
    "navalBaseHealth": 100
}