{
    "ammoPositions": [
        {
            "x": 9.477612495422364,
            "y": -9.07799243927002,
            "z": 0.0
        }
    ],
    "enemyPositions": [
        {
            "x": 9.638629913330079,
            "y": -9.206974029541016,
            "z": 0.0
        }
    ],
    "enemyHealth": [
        3
    ],
    "navalBaseGold": 594,
    "navalBaseHealth": 100
}