{
    "ammoPositions": [
        {
            "x": 7.3355560302734379,
            "y": 0.48813027143478396,
            "z": 0.0
        },
        {
            "x": 2.306169033050537,
            "y": 0.1519412249326706,
            "z": 0.0
        }
    ],
    "ammoTargetTags": [
        "Enemy",
        "Enemy"
    ],
    "ammoDirections": [
        {
            "x": 0.9977933168411255,
            "y": 0.06639621406793595,
            "z": 0.0
        },
        {
            "x": 0.9978366494178772,
            "y": 0.06574215739965439,
            "z": 0.0
        }
    ],
    "enemyPositions": [
        {
            "x": 9.601563453674317,
            "y": 0.37675225734710696,
            "z": 0.0
        }
    ],
    "enemyHealth": [
        8
    ],
    "enemyPrefabIndices": [
        0
    ],
    "navalBaseGold": 1787,
    "navalBaseHealth": 100,
    "navalBaseMaxHealth": 100,
    "gameTime": 5353.599609375
}