{
    "ammoPositions": [
        {
            "x": 9.477612495422364,
            "y": -9.07799243927002,
            "z": 0.0
        },
        {
            "x": -3.667686700820923,
            "y": 16.34391975402832,
            "z": 0.0
        }
    ],
    "enemyPositions": [
        {
            "x": -5.106494903564453,
            "y": -10.050765037536621,
            "z": 0.0
        }
    ],
    "enemyHealth": [
        3
    ],
    "navalBaseGold": 594,
    "navalBaseHealth": 100
}