{
    "ammoPositions": [],
    "enemyPositions": [
        {
            "x": 3.3115928173065187,
            "y": -4.6637282371521,
            "z": 0.0
        }
    ],
    "navalBaseGold": 594
}