{
    "ammoPositions": [],
    "enemyPositions": [
        {
            "x": 5.000329971313477,
            "y": 2.4593124389648439,
            "z": 0.0
        }
    ],
    "navalBaseGold": 63
}