{
    "ammoPositions": [
        {
            "x": -3.3316550254821779,
            "y": 15.344271659851075,
            "z": 0.0
        },
        {
            "x": -2.322524309158325,
            "y": 10.414369583129883,
            "z": 0.0
        }
    ],
    "ammoTargetTags": [
        "Enemy",
        "Enemy"
    ],
    "ammoDirections": [
        {
            "x": -0.21218302845954896,
            "y": 0.9772299528121948,
            "z": 0.0
        },
        {
            "x": -0.2176644504070282,
            "y": 0.9760236740112305,
            "z": 0.0
        }
    ],
    "enemyPositions": [],
    "enemyHealth": [],
    "enemyPrefabIndices": [],
    "navalBaseGold": 8436,
    "navalBaseHealth": 0,
    "navalBaseMaxHealth": 100,
    "gameTime": 9945.8857421875
}