{
    "ammoPositions": [],
    "enemyPositions": [
        {
            "x": -12.40750503540039,
            "y": 4.705634593963623,
            "z": 0.0
        }
    ],
    "navalBaseGold": 594
}