{
    "ammoPositions": [
        {
            "x": -0.14999818801879884,
            "y": 1.3615063428878785,
            "z": 0.0
        }
    ],
    "ammoTargetTags": [
        "Enemy"
    ],
    "ammoDirections": [
        {
            "x": -0.1095082089304924,
            "y": 0.9939859509468079,
            "z": 0.0
        }
    ],
    "enemyPositions": [
        {
            "x": -0.6169117093086243,
            "y": 5.59959602355957,
            "z": 0.0
        }
    ],
    "enemyHealth": [
        5
    ],
    "enemyPrefabIndices": [
        0
    ],
    "navalBaseGold": 1451,
    "navalBaseHealth": 0,
    "navalBaseMaxHealth": 100,
    "gameTime": 9758.0126953125
}